Ttest1,qwe123
Ttest2,qwe123
Ttest3,qwe123
Ttest4,qwe123
Ttest5,qwe123
Ttest6,qwe123
Ttest7,qwe123
Ttest8,qwe123
Ttest9,qwe123
Ttest10,qwe123
Ttest11,qwe123
Ttest12,qwe123
Ttest13,qwe123
Ttest14,qwe123
Ttest15,qwe123
Ttest16,qwe123
Ttest17,qwe123
Ttest18,qwe123
Ttest19,qwe123
Ttest20,qwe123
Ttest21,qwe123
Ttest22,qwe123
Ttest23,qwe123
Ttest24,qwe123
Ttest25,qwe123
Ttest26,qwe123
Ttest27,qwe123
Ttest28,qwe123
Ttest29,qwe123
Ttest30,qwe123
Ttest31,qwe123
Ttest32,qwe123
Ttest33,qwe123
Ttest34,qwe123
Ttest35,qwe123
Ttest36,qwe123
Ttest37,qwe123
Ttest38,qwe123
Ttest39,qwe123
Ttest40,qwe123
Ttest41,qwe123
Ttest42,qwe123
Ttest43,qwe123
Ttest44,qwe123
Ttest45,qwe123
Ttest46,qwe123
Ttest47,qwe123
Ttest48,qwe123
Ttest49,qwe123
Ttest50,qwe123
Ttest51,qwe123
Ttest52,qwe123
Ttest53,qwe123
Ttest54,qwe123
Ttest55,qwe123
Ttest56,qwe123
Ttest57,qwe123
Ttest58,qwe123
Ttest59,qwe123
Ttest60,qwe123
Ttest61,qwe123
Ttest62,qwe123
Ttest63,qwe123
Ttest64,qwe123
Ttest65,qwe123
Ttest66,qwe123
Ttest67,qwe123
Ttest68,qwe123
Ttest69,qwe123
Ttest70,qwe123
Ttest71,qwe123
Ttest72,qwe123
Ttest73,qwe123
Ttest74,qwe123
Ttest75,qwe123
Ttest76,qwe123
Ttest77,qwe123
Ttest78,qwe123
Ttest79,qwe123
Ttest80,qwe123
Ttest81,qwe123
Ttest82,qwe123
Ttest83,qwe123
Ttest84,qwe123
Ttest85,qwe123
Ttest86,qwe123
Ttest87,qwe123
Ttest88,qwe123
Ttest89,qwe123
Ttest90,qwe123
Ttest91,qwe123
Ttest92,qwe123
Ttest93,qwe123
Ttest94,qwe123
Ttest95,qwe123
Ttest96,qwe123
Ttest97,qwe123
Ttest98,qwe123
Ttest99,qwe123
Ttest100,qwe123
Ttest101,qwe123
Ttest102,qwe123
Ttest103,qwe123
Ttest104,qwe123
Ttest105,qwe123
Ttest106,qwe123
Ttest107,qwe123
Ttest108,qwe123
Ttest109,qwe123
Ttest110,qwe123
Ttest111,qwe123
Ttest112,qwe123
Ttest113,qwe123
Ttest114,qwe123
Ttest115,qwe123
Ttest116,qwe123
Ttest117,qwe123
Ttest118,qwe123
Ttest119,qwe123
Ttest120,qwe123
Ttest121,qwe123
Ttest122,qwe123
Ttest123,qwe123
Ttest124,qwe123
Ttest125,qwe123
Ttest126,qwe123
Ttest127,qwe123
Ttest128,qwe123
Ttest129,qwe123
Ttest130,qwe123
Ttest131,qwe123
Ttest132,qwe123
Ttest133,qwe123
Ttest134,qwe123
Ttest135,qwe123
Ttest136,qwe123
Ttest137,qwe123
Ttest138,qwe123
Ttest139,qwe123
Ttest140,qwe123
Ttest141,qwe123
Ttest142,qwe123
Ttest143,qwe123
Ttest144,qwe123
Ttest145,qwe123
Ttest146,qwe123
Ttest147,qwe123
Ttest148,qwe123
Ttest149,qwe123
Ttest150,qwe123
Ttest151,qwe123
Ttest152,qwe123
Ttest153,qwe123
Ttest154,qwe123
Ttest155,qwe123
Ttest156,qwe123
Ttest157,qwe123
Ttest158,qwe123
Ttest159,qwe123
Ttest160,qwe123
Ttest161,qwe123
Ttest162,qwe123
Ttest163,qwe123
Ttest164,qwe123
Ttest165,qwe123
Ttest166,qwe123
Ttest167,qwe123
Ttest168,qwe123
Ttest169,qwe123
Ttest170,qwe123
Ttest171,qwe123
Ttest172,qwe123
Ttest173,qwe123
Ttest174,qwe123
Ttest175,qwe123
Ttest176,qwe123
Ttest177,qwe123
Ttest178,qwe123
Ttest179,qwe123
Ttest180,qwe123
Ttest181,qwe123
Ttest182,qwe123
Ttest183,qwe123
Ttest184,qwe123
Ttest185,qwe123
Ttest186,qwe123
Ttest187,qwe123
Ttest188,qwe123
Ttest189,qwe123
Ttest190,qwe123
Ttest191,qwe123
Ttest192,qwe123
Ttest193,qwe123
Ttest194,qwe123
Ttest195,qwe123
Ttest196,qwe123
Ttest197,qwe123
Ttest198,qwe123
Ttest199,qwe123
Ttest200,qwe123
Ttest201,qwe123
Ttest202,qwe123
Ttest203,qwe123
Ttest204,qwe123
Ttest205,qwe123
Ttest206,qwe123
Ttest207,qwe123
Ttest208,qwe123
Ttest209,qwe123
Ttest210,qwe123
Ttest211,qwe123
Ttest212,qwe123
Ttest213,qwe123
Ttest214,qwe123
Ttest215,qwe123
Ttest216,qwe123
Ttest217,qwe123
Ttest218,qwe123
Ttest219,qwe123
Ttest220,qwe123
Ttest221,qwe123
Ttest222,qwe123
Ttest223,qwe123
Ttest224,qwe123
Ttest225,qwe123
Ttest226,qwe123
Ttest227,qwe123
Ttest228,qwe123
Ttest229,qwe123
Ttest230,qwe123
Ttest231,qwe123
Ttest232,qwe123
Ttest233,qwe123
Ttest234,qwe123
Ttest235,qwe123
Ttest236,qwe123
Ttest237,qwe123
Ttest238,qwe123
Ttest239,qwe123
Ttest240,qwe123
Ttest241,qwe123
Ttest242,qwe123
Ttest243,qwe123
Ttest244,qwe123
Ttest245,qwe123
Ttest246,qwe123
Ttest247,qwe123
Ttest248,qwe123
Ttest249,qwe123
Ttest250,qwe123
Ttest251,qwe123
Ttest252,qwe123
Ttest253,qwe123
Ttest254,qwe123
Ttest255,qwe123
Ttest256,qwe123
Ttest257,qwe123
Ttest258,qwe123
Ttest259,qwe123
Ttest260,qwe123
Ttest261,qwe123
Ttest262,qwe123
Ttest263,qwe123
Ttest264,qwe123
Ttest265,qwe123
Ttest266,qwe123
Ttest267,qwe123
Ttest268,qwe123
Ttest269,qwe123
Ttest270,qwe123
Ttest271,qwe123
Ttest272,qwe123
Ttest273,qwe123
Ttest274,qwe123
Ttest275,qwe123
Ttest276,qwe123
Ttest277,qwe123
Ttest278,qwe123
Ttest279,qwe123
Ttest280,qwe123
Ttest281,qwe123
Ttest282,qwe123
Ttest283,qwe123
Ttest284,qwe123
Ttest285,qwe123
Ttest286,qwe123
Ttest287,qwe123
Ttest288,qwe123
Ttest289,qwe123
Ttest290,qwe123
Ttest291,qwe123
Ttest292,qwe123
Ttest293,qwe123
Ttest294,qwe123
Ttest295,qwe123
Ttest296,qwe123
Ttest297,qwe123
Ttest298,qwe123
Ttest299,qwe123
Ttest300,qwe123
Ttest301,qwe123
Ttest302,qwe123
Ttest303,qwe123
Ttest304,qwe123
Ttest305,qwe123
Ttest306,qwe123
Ttest307,qwe123
Ttest308,qwe123
Ttest309,qwe123
Ttest310,qwe123
Ttest311,qwe123
Ttest312,qwe123
Ttest313,qwe123
Ttest314,qwe123
Ttest315,qwe123
Ttest316,qwe123
Ttest317,qwe123
Ttest318,qwe123
Ttest319,qwe123
Ttest320,qwe123
Ttest321,qwe123
Ttest322,qwe123
Ttest323,qwe123
Ttest324,qwe123
Ttest325,qwe123
Ttest326,qwe123
Ttest327,qwe123
Ttest328,qwe123
Ttest329,qwe123
Ttest330,qwe123
Ttest331,qwe123
Ttest332,qwe123
Ttest333,qwe123
Ttest334,qwe123
Ttest335,qwe123
Ttest336,qwe123
Ttest337,qwe123
Ttest338,qwe123
Ttest339,qwe123
Ttest340,qwe123
Ttest341,qwe123
Ttest342,qwe123
Ttest343,qwe123
Ttest344,qwe123
Ttest345,qwe123
Ttest346,qwe123
Ttest347,qwe123
Ttest348,qwe123
Ttest349,qwe123
Ttest350,qwe123
Ttest351,qwe123
Ttest352,qwe123
Ttest353,qwe123
Ttest354,qwe123
Ttest355,qwe123
Ttest356,qwe123
Ttest357,qwe123
Ttest358,qwe123
Ttest359,qwe123
Ttest360,qwe123
Ttest361,qwe123
Ttest362,qwe123
Ttest363,qwe123
Ttest364,qwe123
Ttest365,qwe123
Ttest366,qwe123
Ttest367,qwe123
Ttest368,qwe123
Ttest369,qwe123
Ttest370,qwe123
Ttest371,qwe123
Ttest372,qwe123
Ttest373,qwe123
Ttest374,qwe123
Ttest375,qwe123
Ttest376,qwe123
Ttest377,qwe123
Ttest378,qwe123
Ttest379,qwe123
Ttest380,qwe123
Ttest381,qwe123
Ttest382,qwe123
Ttest383,qwe123
Ttest384,qwe123
Ttest385,qwe123
Ttest386,qwe123
Ttest387,qwe123
Ttest388,qwe123
Ttest389,qwe123
Ttest390,qwe123
Ttest391,qwe123
Ttest392,qwe123
Ttest393,qwe123
Ttest394,qwe123
Ttest395,qwe123
Ttest396,qwe123
Ttest397,qwe123
Ttest398,qwe123
Ttest399,qwe123
Ttest400,qwe123
Ttest401,qwe123
Ttest402,qwe123
Ttest403,qwe123
Ttest404,qwe123
Ttest405,qwe123
Ttest406,qwe123
Ttest407,qwe123
Ttest408,qwe123
Ttest409,qwe123
Ttest410,qwe123
Ttest411,qwe123
Ttest412,qwe123
Ttest413,qwe123
Ttest414,qwe123
Ttest415,qwe123
Ttest416,qwe123
Ttest417,qwe123
Ttest418,qwe123
Ttest419,qwe123
Ttest420,qwe123
Ttest421,qwe123
Ttest422,qwe123
Ttest423,qwe123
Ttest424,qwe123
Ttest425,qwe123
Ttest426,qwe123
Ttest427,qwe123
Ttest428,qwe123
Ttest429,qwe123
Ttest430,qwe123
Ttest431,qwe123
Ttest432,qwe123
Ttest433,qwe123
Ttest434,qwe123
Ttest435,qwe123
Ttest436,qwe123
Ttest437,qwe123
Ttest438,qwe123
Ttest439,qwe123
Ttest440,qwe123
Ttest441,qwe123
Ttest442,qwe123
Ttest443,qwe123
Ttest444,qwe123
Ttest445,qwe123
Ttest446,qwe123
Ttest447,qwe123
Ttest448,qwe123
Ttest449,qwe123
Ttest450,qwe123
Ttest451,qwe123
Ttest452,qwe123
Ttest453,qwe123
Ttest454,qwe123
Ttest455,qwe123
Ttest456,qwe123
Ttest457,qwe123
Ttest458,qwe123
Ttest459,qwe123
Ttest460,qwe123
Ttest461,qwe123
Ttest462,qwe123
Ttest463,qwe123
Ttest464,qwe123
Ttest465,qwe123
Ttest466,qwe123
Ttest467,qwe123
Ttest468,qwe123
Ttest469,qwe123
Ttest470,qwe123
Ttest471,qwe123
Ttest472,qwe123
Ttest473,qwe123
Ttest474,qwe123
Ttest475,qwe123
Ttest476,qwe123
Ttest477,qwe123
Ttest478,qwe123
Ttest479,qwe123
Ttest480,qwe123
Ttest481,qwe123
Ttest482,qwe123
Ttest483,qwe123
Ttest484,qwe123
Ttest485,qwe123
Ttest486,qwe123
Ttest487,qwe123
Ttest488,qwe123
Ttest489,qwe123
Ttest490,qwe123
Ttest491,qwe123
Ttest492,qwe123
Ttest493,qwe123
Ttest494,qwe123
Ttest495,qwe123
Ttest496,qwe123
Ttest497,qwe123
Ttest498,qwe123
Ttest499,qwe123
Ttest500,qwe123
Ttest501,qwe123
Ttest502,qwe123
Ttest503,qwe123
Ttest504,qwe123
Ttest505,qwe123
Ttest506,qwe123
Ttest507,qwe123
Ttest508,qwe123
Ttest509,qwe123
Ttest510,qwe123
Ttest511,qwe123
Ttest512,qwe123
Ttest513,qwe123
Ttest514,qwe123
Ttest515,qwe123
Ttest516,qwe123
Ttest517,qwe123
Ttest518,qwe123
Ttest519,qwe123
Ttest520,qwe123
Ttest521,qwe123
Ttest522,qwe123
Ttest523,qwe123
Ttest524,qwe123
Ttest525,qwe123
Ttest526,qwe123
Ttest527,qwe123
Ttest528,qwe123
Ttest529,qwe123
Ttest530,qwe123
Ttest531,qwe123
Ttest532,qwe123
Ttest533,qwe123
Ttest534,qwe123
Ttest535,qwe123
Ttest536,qwe123
Ttest537,qwe123
Ttest538,qwe123
Ttest539,qwe123
Ttest540,qwe123
Ttest541,qwe123
Ttest542,qwe123
Ttest543,qwe123
Ttest544,qwe123
Ttest545,qwe123
Ttest546,qwe123
Ttest547,qwe123
Ttest548,qwe123
Ttest549,qwe123
Ttest550,qwe123
Ttest551,qwe123
Ttest552,qwe123
Ttest553,qwe123
Ttest554,qwe123
Ttest555,qwe123
Ttest556,qwe123
Ttest557,qwe123
Ttest558,qwe123
Ttest559,qwe123
Ttest560,qwe123
Ttest561,qwe123
Ttest562,qwe123
Ttest563,qwe123
Ttest564,qwe123
Ttest565,qwe123
Ttest566,qwe123
Ttest567,qwe123
Ttest568,qwe123
Ttest569,qwe123
Ttest570,qwe123
Ttest571,qwe123
Ttest572,qwe123
Ttest573,qwe123
Ttest574,qwe123
Ttest575,qwe123
Ttest576,qwe123
Ttest577,qwe123
Ttest578,qwe123
Ttest579,qwe123
Ttest580,qwe123
Ttest581,qwe123
Ttest582,qwe123
Ttest583,qwe123
Ttest584,qwe123
Ttest585,qwe123
Ttest586,qwe123
Ttest587,qwe123
Ttest588,qwe123
Ttest589,qwe123
Ttest590,qwe123
Ttest591,qwe123
Ttest592,qwe123
Ttest593,qwe123
Ttest594,qwe123
Ttest595,qwe123
Ttest596,qwe123
Ttest597,qwe123
Ttest598,qwe123
Ttest599,qwe123
Ttest600,qwe123
Ttest601,qwe123
Ttest602,qwe123
Ttest603,qwe123
Ttest604,qwe123
Ttest605,qwe123
Ttest606,qwe123
Ttest607,qwe123
Ttest608,qwe123
Ttest609,qwe123
Ttest610,qwe123
Ttest611,qwe123
Ttest612,qwe123
Ttest613,qwe123
Ttest614,qwe123
Ttest615,qwe123
Ttest616,qwe123
Ttest617,qwe123
Ttest618,qwe123
Ttest619,qwe123
Ttest620,qwe123
Ttest621,qwe123
Ttest622,qwe123
Ttest623,qwe123
Ttest624,qwe123
Ttest625,qwe123
Ttest626,qwe123
Ttest627,qwe123
Ttest628,qwe123
Ttest629,qwe123
Ttest630,qwe123
Ttest631,qwe123
Ttest632,qwe123
Ttest633,qwe123
Ttest634,qwe123
Ttest635,qwe123
Ttest636,qwe123
Ttest637,qwe123
Ttest638,qwe123
Ttest639,qwe123
Ttest640,qwe123
Ttest641,qwe123
Ttest642,qwe123
Ttest643,qwe123
Ttest644,qwe123
Ttest645,qwe123
Ttest646,qwe123
Ttest647,qwe123
Ttest648,qwe123
Ttest649,qwe123
Ttest650,qwe123
Ttest651,qwe123
Ttest652,qwe123
Ttest653,qwe123
Ttest654,qwe123
Ttest655,qwe123
Ttest656,qwe123
Ttest657,qwe123
Ttest658,qwe123
Ttest659,qwe123
Ttest660,qwe123
Ttest661,qwe123
Ttest662,qwe123
Ttest663,qwe123
Ttest664,qwe123
Ttest665,qwe123
Ttest666,qwe123
Ttest667,qwe123
Ttest668,qwe123
Ttest669,qwe123
Ttest670,qwe123
Ttest671,qwe123
Ttest672,qwe123
Ttest673,qwe123
Ttest674,qwe123
Ttest675,qwe123
Ttest676,qwe123
Ttest677,qwe123
Ttest678,qwe123
Ttest679,qwe123
Ttest680,qwe123
Ttest681,qwe123
Ttest682,qwe123
Ttest683,qwe123
Ttest684,qwe123
Ttest685,qwe123
Ttest686,qwe123
Ttest687,qwe123
Ttest688,qwe123
Ttest689,qwe123
Ttest690,qwe123
Ttest691,qwe123
Ttest692,qwe123
Ttest693,qwe123
Ttest694,qwe123
Ttest695,qwe123
Ttest696,qwe123
Ttest697,qwe123
Ttest698,qwe123
Ttest699,qwe123
Ttest700,qwe123
Ttest701,qwe123
Ttest702,qwe123
Ttest703,qwe123
Ttest704,qwe123
Ttest705,qwe123
Ttest706,qwe123
Ttest707,qwe123
Ttest708,qwe123
Ttest709,qwe123
Ttest710,qwe123
Ttest711,qwe123
Ttest712,qwe123
Ttest713,qwe123
Ttest714,qwe123
Ttest715,qwe123
Ttest716,qwe123
Ttest717,qwe123
Ttest718,qwe123
Ttest719,qwe123
Ttest720,qwe123
Ttest721,qwe123
Ttest722,qwe123
Ttest723,qwe123
Ttest724,qwe123
Ttest725,qwe123
Ttest726,qwe123
Ttest727,qwe123
Ttest728,qwe123
Ttest729,qwe123
Ttest730,qwe123
Ttest731,qwe123
Ttest732,qwe123
Ttest733,qwe123
Ttest734,qwe123
Ttest735,qwe123
Ttest736,qwe123
Ttest737,qwe123
Ttest738,qwe123
Ttest739,qwe123
Ttest740,qwe123
Ttest741,qwe123
Ttest742,qwe123
Ttest743,qwe123
Ttest744,qwe123
Ttest745,qwe123
Ttest746,qwe123
Ttest747,qwe123
Ttest748,qwe123
Ttest749,qwe123
Ttest750,qwe123
Ttest751,qwe123
Ttest752,qwe123
Ttest753,qwe123
Ttest754,qwe123
Ttest755,qwe123
Ttest756,qwe123
Ttest757,qwe123
Ttest758,qwe123
Ttest759,qwe123
Ttest760,qwe123
Ttest761,qwe123
Ttest762,qwe123
Ttest763,qwe123
Ttest764,qwe123
Ttest765,qwe123
Ttest766,qwe123
Ttest767,qwe123
Ttest768,qwe123
Ttest769,qwe123
Ttest770,qwe123
Ttest771,qwe123
Ttest772,qwe123
Ttest773,qwe123
Ttest774,qwe123
Ttest775,qwe123
Ttest776,qwe123
Ttest777,qwe123
Ttest778,qwe123
Ttest779,qwe123
Ttest780,qwe123
Ttest781,qwe123
Ttest782,qwe123
Ttest783,qwe123
Ttest784,qwe123
Ttest785,qwe123
Ttest786,qwe123
Ttest787,qwe123
Ttest788,qwe123
Ttest789,qwe123
Ttest790,qwe123
Ttest791,qwe123
Ttest792,qwe123
Ttest793,qwe123
Ttest794,qwe123
Ttest795,qwe123
Ttest796,qwe123
Ttest797,qwe123
Ttest798,qwe123
Ttest799,qwe123
Ttest800,qwe123
Ttest801,qwe123
Ttest802,qwe123
Ttest803,qwe123
Ttest804,qwe123
Ttest805,qwe123
Ttest806,qwe123
Ttest807,qwe123
Ttest808,qwe123
Ttest809,qwe123
Ttest810,qwe123
Ttest811,qwe123
Ttest812,qwe123
Ttest813,qwe123
Ttest814,qwe123
Ttest815,qwe123
Ttest816,qwe123
Ttest817,qwe123
Ttest818,qwe123
Ttest819,qwe123
Ttest820,qwe123
Ttest821,qwe123
Ttest822,qwe123
Ttest823,qwe123
Ttest824,qwe123
Ttest825,qwe123
Ttest826,qwe123
Ttest827,qwe123
Ttest828,qwe123
Ttest829,qwe123
Ttest830,qwe123
Ttest831,qwe123
Ttest832,qwe123
Ttest833,qwe123
Ttest834,qwe123
Ttest835,qwe123
Ttest836,qwe123
Ttest837,qwe123
Ttest838,qwe123
Ttest839,qwe123
Ttest840,qwe123
Ttest841,qwe123
Ttest842,qwe123
Ttest843,qwe123
Ttest844,qwe123
Ttest845,qwe123
Ttest846,qwe123
Ttest847,qwe123
Ttest848,qwe123
Ttest849,qwe123
Ttest850,qwe123
Ttest851,qwe123
Ttest852,qwe123
Ttest853,qwe123
Ttest854,qwe123
Ttest855,qwe123
Ttest856,qwe123
Ttest857,qwe123
Ttest858,qwe123
Ttest859,qwe123
Ttest860,qwe123
Ttest861,qwe123
Ttest862,qwe123
Ttest863,qwe123
Ttest864,qwe123
Ttest865,qwe123
Ttest866,qwe123
Ttest867,qwe123
Ttest868,qwe123
Ttest869,qwe123
Ttest870,qwe123
Ttest871,qwe123
Ttest872,qwe123
Ttest873,qwe123
Ttest874,qwe123
Ttest875,qwe123
Ttest876,qwe123
Ttest877,qwe123
Ttest878,qwe123
Ttest879,qwe123
Ttest880,qwe123
Ttest881,qwe123
Ttest882,qwe123
Ttest883,qwe123
Ttest884,qwe123
Ttest885,qwe123
Ttest886,qwe123
Ttest887,qwe123
Ttest888,qwe123
Ttest889,qwe123
Ttest890,qwe123
Ttest891,qwe123
Ttest892,qwe123
Ttest893,qwe123
Ttest894,qwe123
Ttest895,qwe123
Ttest896,qwe123
Ttest897,qwe123
Ttest898,qwe123
Ttest899,qwe123
Ttest900,qwe123
Ttest901,qwe123
Ttest902,qwe123
Ttest903,qwe123
Ttest904,qwe123
Ttest905,qwe123
Ttest906,qwe123
Ttest907,qwe123
Ttest908,qwe123
Ttest909,qwe123
Ttest910,qwe123
Ttest911,qwe123
Ttest912,qwe123
Ttest913,qwe123
Ttest914,qwe123
Ttest915,qwe123
Ttest916,qwe123
Ttest917,qwe123
Ttest918,qwe123
Ttest919,qwe123
Ttest920,qwe123
Ttest921,qwe123
Ttest922,qwe123
Ttest923,qwe123
Ttest924,qwe123
Ttest925,qwe123
Ttest926,qwe123
Ttest927,qwe123
Ttest928,qwe123
Ttest929,qwe123
Ttest930,qwe123
Ttest931,qwe123
Ttest932,qwe123
Ttest933,qwe123
Ttest934,qwe123
Ttest935,qwe123
Ttest936,qwe123
Ttest937,qwe123
Ttest938,qwe123
Ttest939,qwe123
Ttest940,qwe123
Ttest941,qwe123
Ttest942,qwe123
Ttest943,qwe123
Ttest944,qwe123
Ttest945,qwe123
Ttest946,qwe123
Ttest947,qwe123
Ttest948,qwe123
Ttest949,qwe123
Ttest950,qwe123
Ttest951,qwe123
Ttest952,qwe123
Ttest953,qwe123
Ttest954,qwe123
Ttest955,qwe123
Ttest956,qwe123
Ttest957,qwe123
Ttest958,qwe123
Ttest959,qwe123
Ttest960,qwe123
Ttest961,qwe123
Ttest962,qwe123
Ttest963,qwe123
Ttest964,qwe123
Ttest965,qwe123
Ttest966,qwe123
Ttest967,qwe123
Ttest968,qwe123
Ttest969,qwe123
Ttest970,qwe123
Ttest971,qwe123
Ttest972,qwe123
Ttest973,qwe123
Ttest974,qwe123
Ttest975,qwe123
Ttest976,qwe123
Ttest977,qwe123
Ttest978,qwe123
Ttest979,qwe123
Ttest980,qwe123
Ttest981,qwe123
Ttest982,qwe123
Ttest983,qwe123
Ttest984,qwe123
Ttest985,qwe123
Ttest986,qwe123
Ttest987,qwe123
Ttest988,qwe123
Ttest989,qwe123
Ttest990,qwe123
Ttest991,qwe123
Ttest992,qwe123
Ttest993,qwe123
Ttest994,qwe123
Ttest995,qwe123
Ttest996,qwe123
Ttest997,qwe123
Ttest998,qwe123
Ttest999,qwe123
Ttest1000,qwe123
Ttest1001,qwe123
Ttest1002,qwe123
Ttest1003,qwe123
Ttest1004,qwe123
Ttest1005,qwe123
Ttest1006,qwe123
Ttest1007,qwe123
Ttest1008,qwe123
Ttest1009,qwe123
Ttest1010,qwe123
Ttest1011,qwe123
Ttest1012,qwe123
Ttest1013,qwe123
Ttest1014,qwe123
Ttest1015,qwe123
Ttest1016,qwe123
Ttest1017,qwe123
Ttest1018,qwe123
Ttest1019,qwe123
Ttest1020,qwe123
Ttest1021,qwe123
Ttest1022,qwe123
Ttest1023,qwe123
Ttest1024,qwe123
Ttest1025,qwe123
Ttest1026,qwe123
Ttest1027,qwe123
Ttest1028,qwe123
Ttest1029,qwe123
Ttest1030,qwe123
Ttest1031,qwe123
Ttest1032,qwe123
Ttest1033,qwe123
Ttest1034,qwe123
Ttest1035,qwe123
Ttest1036,qwe123
Ttest1037,qwe123
Ttest1038,qwe123
Ttest1039,qwe123
Ttest1040,qwe123
Ttest1041,qwe123
Ttest1042,qwe123
Ttest1043,qwe123
Ttest1044,qwe123
Ttest1045,qwe123
Ttest1046,qwe123
Ttest1047,qwe123
Ttest1048,qwe123
Ttest1049,qwe123
Ttest1050,qwe123
Ttest1051,qwe123
Ttest1052,qwe123
Ttest1053,qwe123
Ttest1054,qwe123
Ttest1055,qwe123
Ttest1056,qwe123
Ttest1057,qwe123
Ttest1058,qwe123
Ttest1059,qwe123
Ttest1060,qwe123
Ttest1061,qwe123
Ttest1062,qwe123
Ttest1063,qwe123
Ttest1064,qwe123
Ttest1065,qwe123
Ttest1066,qwe123
Ttest1067,qwe123
Ttest1068,qwe123
Ttest1069,qwe123
Ttest1070,qwe123
Ttest1071,qwe123
Ttest1072,qwe123
Ttest1073,qwe123
Ttest1074,qwe123
Ttest1075,qwe123
Ttest1076,qwe123
Ttest1077,qwe123
Ttest1078,qwe123
Ttest1079,qwe123
Ttest1080,qwe123
Ttest1081,qwe123
Ttest1082,qwe123
Ttest1083,qwe123
Ttest1084,qwe123
Ttest1085,qwe123
Ttest1086,qwe123
Ttest1087,qwe123
Ttest1088,qwe123
Ttest1089,qwe123
Ttest1090,qwe123
Ttest1091,qwe123
Ttest1092,qwe123
Ttest1093,qwe123
Ttest1094,qwe123
Ttest1095,qwe123
Ttest1096,qwe123
Ttest1097,qwe123
Ttest1098,qwe123
Ttest1099,qwe123
Ttest1100,qwe123
Ttest1101,qwe123
Ttest1102,qwe123
Ttest1103,qwe123
Ttest1104,qwe123
Ttest1105,qwe123
Ttest1106,qwe123
Ttest1107,qwe123
Ttest1108,qwe123
Ttest1109,qwe123
Ttest1110,qwe123
Ttest1111,qwe123
Ttest1112,qwe123
Ttest1113,qwe123
Ttest1114,qwe123
Ttest1115,qwe123
Ttest1116,qwe123
Ttest1117,qwe123
Ttest1118,qwe123
Ttest1119,qwe123
Ttest1120,qwe123
Ttest1121,qwe123
Ttest1122,qwe123
Ttest1123,qwe123
Ttest1124,qwe123
Ttest1125,qwe123
Ttest1126,qwe123
Ttest1127,qwe123
Ttest1128,qwe123
Ttest1129,qwe123
Ttest1130,qwe123
Ttest1131,qwe123
Ttest1132,qwe123
Ttest1133,qwe123
Ttest1134,qwe123
Ttest1135,qwe123
Ttest1136,qwe123
Ttest1137,qwe123
Ttest1138,qwe123
Ttest1139,qwe123
Ttest1140,qwe123
Ttest1141,qwe123
Ttest1142,qwe123
Ttest1143,qwe123
Ttest1144,qwe123
Ttest1145,qwe123
Ttest1146,qwe123
Ttest1147,qwe123
Ttest1148,qwe123
Ttest1149,qwe123
Ttest1150,qwe123
Ttest1151,qwe123
Ttest1152,qwe123
Ttest1153,qwe123
Ttest1154,qwe123
Ttest1155,qwe123
Ttest1156,qwe123
Ttest1157,qwe123
Ttest1158,qwe123
Ttest1159,qwe123
Ttest1160,qwe123
Ttest1161,qwe123
Ttest1162,qwe123
Ttest1163,qwe123
Ttest1164,qwe123
Ttest1165,qwe123
Ttest1166,qwe123
Ttest1167,qwe123
Ttest1168,qwe123
Ttest1169,qwe123
Ttest1170,qwe123
Ttest1171,qwe123
Ttest1172,qwe123
Ttest1173,qwe123
Ttest1174,qwe123
Ttest1175,qwe123
Ttest1176,qwe123
Ttest1177,qwe123
Ttest1178,qwe123
Ttest1179,qwe123
Ttest1180,qwe123
Ttest1181,qwe123
Ttest1182,qwe123
Ttest1183,qwe123
Ttest1184,qwe123
Ttest1185,qwe123
Ttest1186,qwe123
Ttest1187,qwe123
Ttest1188,qwe123
Ttest1189,qwe123
Ttest1190,qwe123
Ttest1191,qwe123
Ttest1192,qwe123
Ttest1193,qwe123
Ttest1194,qwe123
Ttest1195,qwe123
Ttest1196,qwe123
Ttest1197,qwe123
Ttest1198,qwe123
Ttest1199,qwe123
Ttest1200,qwe123
Ttest1201,qwe123
Ttest1202,qwe123
Ttest1203,qwe123
Ttest1204,qwe123
Ttest1205,qwe123
Ttest1206,qwe123
Ttest1207,qwe123
Ttest1208,qwe123
Ttest1209,qwe123
Ttest1210,qwe123
Ttest1211,qwe123
Ttest1212,qwe123
Ttest1213,qwe123
Ttest1214,qwe123
Ttest1215,qwe123
Ttest1216,qwe123
Ttest1217,qwe123
Ttest1218,qwe123
Ttest1219,qwe123
Ttest1220,qwe123
Ttest1221,qwe123
Ttest1222,qwe123
Ttest1223,qwe123
Ttest1224,qwe123
Ttest1225,qwe123
Ttest1226,qwe123
Ttest1227,qwe123
Ttest1228,qwe123
Ttest1229,qwe123
Ttest1230,qwe123
Ttest1231,qwe123
Ttest1232,qwe123
Ttest1233,qwe123
Ttest1234,qwe123
Ttest1235,qwe123
Ttest1236,qwe123
Ttest1237,qwe123
Ttest1238,qwe123
Ttest1239,qwe123
Ttest1240,qwe123
Ttest1241,qwe123
Ttest1242,qwe123
Ttest1243,qwe123
Ttest1244,qwe123
Ttest1245,qwe123
Ttest1246,qwe123
Ttest1247,qwe123
Ttest1248,qwe123
Ttest1249,qwe123
Ttest1250,qwe123
Ttest1251,qwe123
Ttest1252,qwe123
Ttest1253,qwe123
Ttest1254,qwe123
Ttest1255,qwe123
Ttest1256,qwe123
Ttest1257,qwe123
Ttest1258,qwe123
Ttest1259,qwe123
Ttest1260,qwe123
Ttest1261,qwe123
Ttest1262,qwe123
Ttest1263,qwe123
Ttest1264,qwe123
Ttest1265,qwe123
Ttest1266,qwe123
Ttest1267,qwe123
Ttest1268,qwe123
Ttest1269,qwe123
Ttest1270,qwe123
Ttest1271,qwe123
Ttest1272,qwe123
Ttest1273,qwe123
Ttest1274,qwe123
Ttest1275,qwe123
Ttest1276,qwe123
Ttest1277,qwe123
Ttest1278,qwe123
Ttest1279,qwe123
Ttest1280,qwe123
Ttest1281,qwe123
Ttest1282,qwe123
Ttest1283,qwe123
Ttest1284,qwe123
Ttest1285,qwe123
Ttest1286,qwe123
Ttest1287,qwe123
Ttest1288,qwe123
Ttest1289,qwe123
Ttest1290,qwe123
Ttest1291,qwe123
Ttest1292,qwe123
Ttest1293,qwe123
Ttest1294,qwe123
Ttest1295,qwe123
Ttest1296,qwe123
Ttest1297,qwe123
Ttest1298,qwe123
Ttest1299,qwe123
Ttest1300,qwe123
Ttest1301,qwe123
Ttest1302,qwe123
Ttest1303,qwe123
Ttest1304,qwe123
Ttest1305,qwe123
Ttest1306,qwe123
Ttest1307,qwe123
Ttest1308,qwe123
Ttest1309,qwe123
Ttest1310,qwe123
Ttest1311,qwe123
Ttest1312,qwe123
Ttest1313,qwe123
Ttest1314,qwe123
Ttest1315,qwe123
Ttest1316,qwe123
Ttest1317,qwe123
Ttest1318,qwe123
Ttest1319,qwe123
Ttest1320,qwe123
Ttest1321,qwe123
Ttest1322,qwe123
Ttest1323,qwe123
Ttest1324,qwe123
Ttest1325,qwe123
Ttest1326,qwe123
Ttest1327,qwe123
Ttest1328,qwe123
Ttest1329,qwe123
Ttest1330,qwe123
Ttest1331,qwe123
Ttest1332,qwe123
Ttest1333,qwe123
Ttest1334,qwe123
Ttest1335,qwe123
Ttest1336,qwe123
Ttest1337,qwe123
Ttest1338,qwe123
Ttest1339,qwe123
Ttest1340,qwe123
Ttest1341,qwe123
Ttest1342,qwe123
Ttest1343,qwe123
Ttest1344,qwe123
Ttest1345,qwe123
Ttest1346,qwe123
Ttest1347,qwe123
Ttest1348,qwe123
Ttest1349,qwe123
Ttest1350,qwe123
Ttest1351,qwe123
Ttest1352,qwe123
Ttest1353,qwe123
Ttest1354,qwe123
Ttest1355,qwe123
Ttest1356,qwe123
Ttest1357,qwe123
Ttest1358,qwe123
Ttest1359,qwe123
Ttest1360,qwe123
Ttest1361,qwe123
Ttest1362,qwe123
Ttest1363,qwe123
Ttest1364,qwe123
Ttest1365,qwe123
Ttest1366,qwe123
Ttest1367,qwe123
Ttest1368,qwe123
Ttest1369,qwe123
Ttest1370,qwe123
Ttest1371,qwe123
Ttest1372,qwe123
Ttest1373,qwe123
Ttest1374,qwe123
Ttest1375,qwe123
Ttest1376,qwe123
Ttest1377,qwe123
Ttest1378,qwe123
Ttest1379,qwe123
Ttest1380,qwe123
Ttest1381,qwe123
Ttest1382,qwe123
Ttest1383,qwe123
Ttest1384,qwe123
Ttest1385,qwe123
Ttest1386,qwe123
Ttest1387,qwe123
Ttest1388,qwe123
Ttest1389,qwe123
Ttest1390,qwe123
Ttest1391,qwe123
Ttest1392,qwe123
Ttest1393,qwe123
Ttest1394,qwe123
Ttest1395,qwe123
Ttest1396,qwe123
Ttest1397,qwe123
Ttest1398,qwe123
Ttest1399,qwe123
Ttest1400,qwe123
Ttest1401,qwe123
Ttest1402,qwe123
Ttest1403,qwe123
Ttest1404,qwe123
Ttest1405,qwe123
Ttest1406,qwe123
Ttest1407,qwe123
Ttest1408,qwe123
Ttest1409,qwe123
Ttest1410,qwe123
Ttest1411,qwe123
Ttest1412,qwe123
Ttest1413,qwe123
Ttest1414,qwe123
Ttest1415,qwe123
Ttest1416,qwe123
Ttest1417,qwe123
Ttest1418,qwe123
Ttest1419,qwe123
Ttest1420,qwe123
Ttest1421,qwe123
Ttest1422,qwe123
Ttest1423,qwe123
Ttest1424,qwe123
Ttest1425,qwe123
Ttest1426,qwe123
Ttest1427,qwe123
Ttest1428,qwe123
Ttest1429,qwe123
Ttest1430,qwe123
Ttest1431,qwe123
Ttest1432,qwe123
Ttest1433,qwe123
Ttest1434,qwe123
Ttest1435,qwe123
Ttest1436,qwe123
Ttest1437,qwe123
Ttest1438,qwe123
Ttest1439,qwe123
Ttest1440,qwe123
Ttest1441,qwe123
Ttest1442,qwe123
Ttest1443,qwe123
Ttest1444,qwe123
Ttest1445,qwe123
Ttest1446,qwe123
Ttest1447,qwe123
Ttest1448,qwe123
Ttest1449,qwe123
Ttest1450,qwe123
Ttest1451,qwe123
Ttest1452,qwe123
Ttest1453,qwe123
Ttest1454,qwe123
Ttest1455,qwe123
Ttest1456,qwe123
Ttest1457,qwe123
Ttest1458,qwe123
Ttest1459,qwe123
Ttest1460,qwe123
Ttest1461,qwe123
Ttest1462,qwe123
Ttest1463,qwe123
Ttest1464,qwe123
Ttest1465,qwe123
Ttest1466,qwe123
Ttest1467,qwe123
Ttest1468,qwe123
Ttest1469,qwe123
Ttest1470,qwe123
Ttest1471,qwe123
Ttest1472,qwe123
Ttest1473,qwe123
Ttest1474,qwe123
Ttest1475,qwe123
Ttest1476,qwe123
Ttest1477,qwe123
Ttest1478,qwe123
Ttest1479,qwe123
Ttest1480,qwe123
Ttest1481,qwe123
Ttest1482,qwe123
Ttest1483,qwe123
Ttest1484,qwe123
Ttest1485,qwe123
Ttest1486,qwe123
Ttest1487,qwe123
Ttest1488,qwe123
Ttest1489,qwe123
Ttest1490,qwe123
Ttest1491,qwe123
Ttest1492,qwe123
Ttest1493,qwe123
Ttest1494,qwe123
Ttest1495,qwe123
Ttest1496,qwe123
Ttest1497,qwe123
Ttest1498,qwe123
Ttest1499,qwe123
Ttest1500,qwe123
Ttest1501,qwe123
Ttest1502,qwe123
Ttest1503,qwe123
Ttest1504,qwe123
Ttest1505,qwe123
Ttest1506,qwe123
Ttest1507,qwe123
Ttest1508,qwe123
Ttest1509,qwe123
Ttest1510,qwe123
Ttest1511,qwe123
Ttest1512,qwe123
Ttest1513,qwe123
Ttest1514,qwe123
Ttest1515,qwe123
Ttest1516,qwe123
Ttest1517,qwe123
Ttest1518,qwe123
Ttest1519,qwe123
Ttest1520,qwe123
Ttest1521,qwe123
Ttest1522,qwe123
Ttest1523,qwe123
Ttest1524,qwe123
Ttest1525,qwe123
Ttest1526,qwe123
Ttest1527,qwe123
Ttest1528,qwe123
Ttest1529,qwe123
Ttest1530,qwe123
Ttest1531,qwe123
Ttest1532,qwe123
Ttest1533,qwe123
Ttest1534,qwe123
Ttest1535,qwe123
Ttest1536,qwe123
Ttest1537,qwe123
Ttest1538,qwe123
Ttest1539,qwe123
Ttest1540,qwe123
Ttest1541,qwe123
Ttest1542,qwe123
Ttest1543,qwe123
Ttest1544,qwe123
Ttest1545,qwe123
Ttest1546,qwe123
Ttest1547,qwe123
Ttest1548,qwe123
Ttest1549,qwe123
Ttest1550,qwe123
Ttest1551,qwe123
Ttest1552,qwe123
Ttest1553,qwe123
Ttest1554,qwe123
Ttest1555,qwe123
Ttest1556,qwe123
Ttest1557,qwe123
Ttest1558,qwe123
Ttest1559,qwe123
Ttest1560,qwe123
Ttest1561,qwe123
Ttest1562,qwe123
Ttest1563,qwe123
Ttest1564,qwe123
Ttest1565,qwe123
Ttest1566,qwe123
Ttest1567,qwe123
Ttest1568,qwe123
Ttest1569,qwe123
Ttest1570,qwe123
Ttest1571,qwe123
Ttest1572,qwe123
Ttest1573,qwe123
Ttest1574,qwe123
Ttest1575,qwe123
Ttest1576,qwe123
Ttest1577,qwe123
Ttest1578,qwe123
Ttest1579,qwe123
Ttest1580,qwe123
Ttest1581,qwe123
Ttest1582,qwe123
Ttest1583,qwe123
Ttest1584,qwe123
Ttest1585,qwe123
Ttest1586,qwe123
Ttest1587,qwe123
Ttest1588,qwe123
Ttest1589,qwe123
Ttest1590,qwe123
Ttest1591,qwe123
Ttest1592,qwe123
Ttest1593,qwe123
Ttest1594,qwe123
Ttest1595,qwe123
Ttest1596,qwe123
Ttest1597,qwe123
Ttest1598,qwe123
Ttest1599,qwe123
Ttest1600,qwe123
