aguo01,是否1
aguo02,是否2
aguo03,是否3
aguo04,是否4
aguo05,是否5
aguo06,是否6
aguo07,是否7
aguo08,是否8
aguo09,是否9
aguo10,是否10
aguo11,是否11
aguo12,是否12
aguo13,是否13
aguo14,是否14
aguo15,是否15
aguo16,是否16
aguo17,是否17
aguo18,是否18
aguo19,是否19
aguo20,是否20
aguo21,是否21
aguo22,是否22
aguo23,是否23
aguo24,是否24
aguo25,是否25
aguo26,是否26
aguo27,是否27
aguo28,是否28
aguo29,是否29
aguo30,是否30
aguo31,是否31
aguo32,是否32
aguo33,是否33
aguo34,是否34
aguo35,是否35
aguo36,是否36
aguo37,是否37
aguo38,是否38
aguo39,是否39
aguo40,是否40
aguo41,是否41
aguo42,是否42
aguo43,是否43
aguo44,是否44
aguo45,是否45
aguo46,是否46
aguo47,是否47
aguo48,是否48
aguo49,是否49
aguo50,是否50
aguo51,是否51
aguo52,是否52
aguo53,是否53
aguo54,是否54
aguo55,是否55
aguo56,是否56
aguo57,是否57
aguo58,是否58
aguo59,是否59
aguo60,是否60
aguo61,是否61
aguo62,是否62
aguo63,是否63
aguo64,是否64
aguo65,是否65
aguo66,是否66
aguo67,是否67
aguo68,是否68
aguo69,是否69
aguo70,是否70
aguo71,是否71
aguo72,是否72
aguo73,是否73
aguo74,是否74
aguo75,是否75
aguo76,是否76
aguo77,是否77
aguo78,是否78
aguo79,是否79
aguo80,是否80
aguo81,是否81
aguo82,是否82
aguo83,是否83
aguo84,是否84
aguo85,是否85
aguo86,是否86
aguo87,是否87
aguo88,是否88
aguo89,是否89
aguo90,是否90
aguo91,是否91
aguo92,是否92
aguo93,是否93
aguo94,是否94
aguo95,是否95
aguo96,是否96
aguo97,是否97
aguo98,是否98
aguo99,是否99
aguo100,是否100
aguo101,是否101
aguo102,是否102
aguo103,是否103
aguo104,是否104
aguo105,是否105
aguo106,是否106
aguo107,是否107
aguo108,是否108
aguo109,是否109
aguo110,是否110
aguo111,是否111
aguo112,是否112
aguo113,是否113
aguo114,是否114
aguo115,是否115
aguo116,是否116
aguo117,是否117
aguo118,是否118
aguo119,是否119
aguo120,是否120
aguo121,是否121
aguo122,是否122
aguo123,是否123
aguo124,是否124
aguo125,是否125
aguo126,是否126
aguo127,是否127
aguo128,是否128
aguo129,是否129
aguo130,是否130
aguo131,是否131
aguo132,是否132
aguo133,是否133
aguo134,是否134
aguo135,是否135
aguo136,是否136
aguo137,是否137
aguo138,是否138
aguo139,是否139
aguo140,是否140
aguo141,是否141
aguo142,是否142
aguo143,是否143
aguo144,是否144
aguo145,是否145
aguo146,是否146
aguo147,是否147
aguo148,是否148
aguo149,是否149
aguo150,是否150
aguo151,是否151
aguo152,是否152
aguo153,是否153
aguo154,是否154
aguo155,是否155
aguo156,是否156
aguo157,是否157
aguo158,是否158
aguo159,是否159
aguo160,是否160
aguo161,是否161
aguo162,是否162
aguo163,是否163
aguo164,是否164
aguo165,是否165
aguo166,是否166
aguo167,是否167
aguo168,是否168
aguo169,是否169
aguo170,是否170
aguo171,是否171
aguo172,是否172
aguo173,是否173
aguo174,是否174
aguo175,是否175
aguo176,是否176
aguo177,是否177
aguo178,是否178
aguo179,是否179
aguo180,是否180
aguo181,是否181
aguo182,是否182
aguo183,是否183
aguo184,是否184
aguo185,是否185
aguo186,是否186
aguo187,是否187
aguo188,是否188
aguo189,是否189
aguo190,是否190
aguo191,是否191
aguo192,是否192
aguo193,是否193
aguo194,是否194
aguo195,是否195
aguo196,是否196
aguo197,是否197
aguo198,是否198
aguo199,是否199
aguo200,是否200
aguo201,是否201
aguo202,是否202
aguo203,是否203
aguo204,是否204
aguo205,是否205
aguo206,是否206
aguo207,是否207
aguo208,是否208
aguo209,是否209
aguo210,是否210
aguo211,是否211
aguo212,是否212
aguo213,是否213
aguo214,是否214
aguo215,是否215
aguo216,是否216
aguo217,是否217
aguo218,是否218
aguo219,是否219
aguo220,是否220
aguo221,是否221
aguo222,是否222
aguo223,是否223
aguo224,是否224
aguo225,是否225
aguo226,是否226
aguo227,是否227
aguo228,是否228
aguo229,是否229
aguo230,是否230
aguo231,是否231
aguo232,是否232
aguo233,是否233
aguo234,是否234
aguo235,是否235
aguo236,是否236
aguo237,是否237
aguo238,是否238
aguo239,是否239
aguo240,是否240
aguo241,是否241
aguo242,是否242
aguo243,是否243
aguo244,是否244
aguo245,是否245
aguo246,是否246
aguo247,是否247
aguo248,是否248
aguo249,是否249
aguo250,是否250
aguo251,是否251
aguo252,是否252
aguo253,是否253
aguo254,是否254
aguo255,是否255
aguo256,是否256
aguo257,是否257
aguo258,是否258
aguo259,是否259
aguo260,是否260
aguo261,是否261
aguo262,是否262
aguo263,是否263
aguo264,是否264
aguo265,是否265
aguo266,是否266
aguo267,是否267
aguo268,是否268
aguo269,是否269
aguo270,是否270
aguo271,是否271
aguo272,是否272
aguo273,是否273
aguo274,是否274
aguo275,是否275
aguo276,是否276
aguo277,是否277
aguo278,是否278
aguo279,是否279
aguo280,是否280
aguo281,是否281
aguo282,是否282
aguo283,是否283
aguo284,是否284
aguo285,是否285
aguo286,是否286
aguo287,是否287
aguo288,是否288
aguo289,是否289
aguo290,是否290
aguo291,是否291
aguo292,是否292
aguo293,是否293
aguo294,是否294
aguo295,是否295
aguo296,是否296
aguo297,是否297
aguo298,是否298
aguo299,是否299
aguo300,是否300
aguo301,是否301
aguo302,是否302
aguo303,是否303
aguo304,是否304
aguo305,是否305
aguo306,是否306
aguo307,是否307
aguo308,是否308
aguo309,是否309
aguo310,是否310
aguo311,是否311
aguo312,是否312
aguo313,是否313
aguo314,是否314
aguo315,是否315
aguo316,是否316
aguo317,是否317
aguo318,是否318
aguo319,是否319
aguo320,是否320
aguo321,是否321
aguo322,是否322
aguo323,是否323
aguo324,是否324
aguo325,是否325
aguo326,是否326
aguo327,是否327
aguo328,是否328
aguo329,是否329
aguo330,是否330
aguo331,是否331
aguo332,是否332
aguo333,是否333
aguo334,是否334
aguo335,是否335
aguo336,是否336
aguo337,是否337
aguo338,是否338
aguo339,是否339
aguo340,是否340
aguo341,是否341
aguo342,是否342
aguo343,是否343
aguo344,是否344
aguo345,是否345
aguo346,是否346
aguo347,是否347
aguo348,是否348
aguo349,是否349
aguo350,是否350
aguo351,是否351
aguo352,是否352
aguo353,是否353
aguo354,是否354
aguo355,是否355
aguo356,是否356
aguo357,是否357
aguo358,是否358
aguo359,是否359
aguo360,是否360
aguo361,是否361
aguo362,是否362
aguo363,是否363
aguo364,是否364
aguo365,是否365
aguo366,是否366
aguo367,是否367
aguo368,是否368
aguo369,是否369
aguo370,是否370
aguo371,是否371
aguo372,是否372
aguo373,是否373
aguo374,是否374
aguo375,是否375
aguo376,是否376
aguo377,是否377
aguo378,是否378
aguo379,是否379
aguo380,是否380
aguo381,是否381
aguo382,是否382
aguo383,是否383
aguo384,是否384
aguo385,是否385
aguo386,是否386
aguo387,是否387
aguo388,是否388
aguo389,是否389
aguo390,是否390
aguo391,是否391
aguo392,是否392
aguo393,是否393
aguo394,是否394
aguo395,是否395
aguo396,是否396
aguo397,是否397
aguo398,是否398
aguo399,是否399
aguo400,是否400
aguo401,是否401
aguo402,是否402
aguo403,是否403
aguo404,是否404
aguo405,是否405
aguo406,是否406
aguo407,是否407
aguo408,是否408
aguo409,是否409
aguo410,是否410
aguo411,是否411
aguo412,是否412
aguo413,是否413
aguo414,是否414
aguo415,是否415
aguo416,是否416
aguo417,是否417
aguo418,是否418
aguo419,是否419
aguo420,是否420
aguo421,是否421
aguo422,是否422
aguo423,是否423
aguo424,是否424
aguo425,是否425
aguo426,是否426
aguo427,是否427
aguo428,是否428
aguo429,是否429
aguo430,是否430
aguo431,是否431
aguo432,是否432
aguo433,是否433
aguo434,是否434
aguo435,是否435
aguo436,是否436
aguo437,是否437
aguo438,是否438
aguo439,是否439
aguo440,是否440
aguo441,是否441
aguo442,是否442
aguo443,是否443
aguo444,是否444
aguo445,是否445
aguo446,是否446
aguo447,是否447
aguo448,是否448
aguo449,是否449
aguo450,是否450
aguo451,是否451
aguo452,是否452
aguo453,是否453
aguo454,是否454
aguo455,是否455
aguo456,是否456
aguo457,是否457
aguo458,是否458
aguo459,是否459
aguo460,是否460
aguo461,是否461
aguo462,是否462
aguo463,是否463
aguo464,是否464
aguo465,是否465
aguo466,是否466
aguo467,是否467
aguo468,是否468
aguo469,是否469
aguo470,是否470
aguo471,是否471
aguo472,是否472
aguo473,是否473
aguo474,是否474
aguo475,是否475
aguo476,是否476
aguo477,是否477
aguo478,是否478
aguo479,是否479
aguo480,是否480
aguo481,是否481
aguo482,是否482
aguo483,是否483
aguo484,是否484
aguo485,是否485
aguo486,是否486
aguo487,是否487
aguo488,是否488
aguo489,是否489
aguo490,是否490
aguo491,是否491
aguo492,是否492
aguo493,是否493
aguo494,是否494
aguo495,是否495
aguo496,是否496
aguo497,是否497
aguo498,是否498
aguo499,是否499
aguo500,是否500
aguo501,是否501
aguo502,是否502
aguo503,是否503
aguo504,是否504
aguo505,是否505
aguo506,是否506
aguo507,是否507
aguo508,是否508
aguo509,是否509
aguo510,是否510
aguo511,是否511
aguo512,是否512
aguo513,是否513
aguo514,是否514
aguo515,是否515
aguo516,是否516
aguo517,是否517
aguo518,是否518
aguo519,是否519
aguo520,是否520
aguo521,是否521
aguo522,是否522
aguo523,是否523
aguo524,是否524
aguo525,是否525
aguo526,是否526
aguo527,是否527
aguo528,是否528
aguo529,是否529
aguo530,是否530
aguo531,是否531
aguo532,是否532
aguo533,是否533
aguo534,是否534
aguo535,是否535
aguo536,是否536
aguo537,是否537
aguo538,是否538
aguo539,是否539
aguo540,是否540
aguo541,是否541
aguo542,是否542
aguo543,是否543
aguo544,是否544
aguo545,是否545
aguo546,是否546
aguo547,是否547
aguo548,是否548
aguo549,是否549
aguo550,是否550
aguo551,是否551
aguo552,是否552
aguo553,是否553
aguo554,是否554
aguo555,是否555
aguo556,是否556
aguo557,是否557
aguo558,是否558
aguo559,是否559
aguo560,是否560
aguo561,是否561
aguo562,是否562
aguo563,是否563
aguo564,是否564
aguo565,是否565
aguo566,是否566
aguo567,是否567
aguo568,是否568
aguo569,是否569
aguo570,是否570
aguo571,是否571
aguo572,是否572
aguo573,是否573
aguo574,是否574
aguo575,是否575
aguo576,是否576
aguo577,是否577
aguo578,是否578
aguo579,是否579
aguo580,是否580
aguo581,是否581
aguo582,是否582
aguo583,是否583
aguo584,是否584
aguo585,是否585
aguo586,是否586
aguo587,是否587
aguo588,是否588
aguo589,是否589
aguo590,是否590
aguo591,是否591
aguo592,是否592
aguo593,是否593
aguo594,是否594
aguo595,是否595
aguo596,是否596
aguo597,是否597
aguo598,是否598
aguo599,是否599
aguo600,是否600
aguo601,是否601
aguo602,是否602
aguo603,是否603
aguo604,是否604
aguo605,是否605
aguo606,是否606
aguo607,是否607
aguo608,是否608
aguo609,是否609
aguo610,是否610
aguo611,是否611
aguo612,是否612
aguo613,是否613
aguo614,是否614
aguo615,是否615
aguo616,是否616
aguo617,是否617
aguo618,是否618
aguo619,是否619
aguo620,是否620
aguo621,是否621
aguo622,是否622
aguo623,是否623
aguo624,是否624
aguo625,是否625
aguo626,是否626
aguo627,是否627
aguo628,是否628
aguo629,是否629
aguo630,是否630
aguo631,是否631
aguo632,是否632
aguo633,是否633
aguo634,是否634
aguo635,是否635
aguo636,是否636
aguo637,是否637
aguo638,是否638
aguo639,是否639
aguo640,是否640
aguo641,是否641
aguo642,是否642
aguo643,是否643
aguo644,是否644
aguo645,是否645
aguo646,是否646
aguo647,是否647
aguo648,是否648
aguo649,是否649
aguo650,是否650
aguo651,是否651
aguo652,是否652
aguo653,是否653
aguo654,是否654
aguo655,是否655
aguo656,是否656
aguo657,是否657
aguo658,是否658
aguo659,是否659
aguo660,是否660
aguo661,是否661
aguo662,是否662
aguo663,是否663
aguo664,是否664
aguo665,是否665
aguo666,是否666
aguo667,是否667
aguo668,是否668
aguo669,是否669
aguo670,是否670
aguo671,是否671
aguo672,是否672
aguo673,是否673
aguo674,是否674
aguo675,是否675
aguo676,是否676
aguo677,是否677
aguo678,是否678
aguo679,是否679
aguo680,是否680
aguo681,是否681
aguo682,是否682
aguo683,是否683
aguo684,是否684
aguo685,是否685
aguo686,是否686
aguo687,是否687
aguo688,是否688
aguo689,是否689
aguo690,是否690
aguo691,是否691
aguo692,是否692
aguo693,是否693
aguo694,是否694
aguo695,是否695
aguo696,是否696
aguo697,是否697
aguo698,是否698
aguo699,是否699
aguo700,是否700
aguo701,是否701
aguo702,是否702
aguo703,是否703
aguo704,是否704
aguo705,是否705
aguo706,是否706
aguo707,是否707
aguo708,是否708
aguo709,是否709
aguo710,是否710
aguo711,是否711
aguo712,是否712
aguo713,是否713
aguo714,是否714
aguo715,是否715
aguo716,是否716
aguo717,是否717
aguo718,是否718
aguo719,是否719
aguo720,是否720
aguo721,是否721
aguo722,是否722
aguo723,是否723
aguo724,是否724
aguo725,是否725
aguo726,是否726
aguo727,是否727
aguo728,是否728
aguo729,是否729
aguo730,是否730
aguo731,是否731
aguo732,是否732
aguo733,是否733
aguo734,是否734
aguo735,是否735
aguo736,是否736
aguo737,是否737
aguo738,是否738
aguo739,是否739
aguo740,是否740
aguo741,是否741
aguo742,是否742
aguo743,是否743
aguo744,是否744
aguo745,是否745
aguo746,是否746
aguo747,是否747
aguo748,是否748
aguo749,是否749
aguo750,是否750
aguo751,是否751
aguo752,是否752
aguo753,是否753
aguo754,是否754
aguo755,是否755
aguo756,是否756
aguo757,是否757
aguo758,是否758
aguo759,是否759
aguo760,是否760
aguo761,是否761
aguo762,是否762
aguo763,是否763
aguo764,是否764
aguo765,是否765
aguo766,是否766
aguo767,是否767
aguo768,是否768
aguo769,是否769
aguo770,是否770
aguo771,是否771
aguo772,是否772
aguo773,是否773
aguo774,是否774
aguo775,是否775
aguo776,是否776
aguo777,是否777
aguo778,是否778
aguo779,是否779
aguo780,是否780
aguo781,是否781
aguo782,是否782
aguo783,是否783
aguo784,是否784
aguo785,是否785
aguo786,是否786
aguo787,是否787
aguo788,是否788
aguo789,是否789
aguo790,是否790
aguo791,是否791
aguo792,是否792
aguo793,是否793
aguo794,是否794
aguo795,是否795
aguo796,是否796
aguo797,是否797
aguo798,是否798
aguo799,是否799
aguo800,是否800
aguo801,是否801
aguo802,是否802
aguo803,是否803
aguo804,是否804
aguo805,是否805
aguo806,是否806
aguo807,是否807
aguo808,是否808
aguo809,是否809
aguo810,是否810
aguo811,是否811
aguo812,是否812
aguo813,是否813
aguo814,是否814
aguo815,是否815
aguo816,是否816
aguo817,是否817
aguo818,是否818
aguo819,是否819
aguo820,是否820
aguo821,是否821
aguo822,是否822
aguo823,是否823
aguo824,是否824
aguo825,是否825
aguo826,是否826
aguo827,是否827
aguo828,是否828
aguo829,是否829
aguo830,是否830
aguo831,是否831
aguo832,是否832
aguo833,是否833
aguo834,是否834
aguo835,是否835
aguo836,是否836
aguo837,是否837
aguo838,是否838
aguo839,是否839
aguo840,是否840
aguo841,是否841
aguo842,是否842
aguo843,是否843
aguo844,是否844
aguo845,是否845
aguo846,是否846
aguo847,是否847
aguo848,是否848
aguo849,是否849
aguo850,是否850
aguo851,是否851
aguo852,是否852
aguo853,是否853
aguo854,是否854
aguo855,是否855
aguo856,是否856
aguo857,是否857
aguo858,是否858
aguo859,是否859
aguo860,是否860
aguo861,是否861
aguo862,是否862
aguo863,是否863
aguo864,是否864
aguo865,是否865
aguo866,是否866
aguo867,是否867
aguo868,是否868
aguo869,是否869
aguo870,是否870
aguo871,是否871
aguo872,是否872
aguo873,是否873
aguo874,是否874
aguo875,是否875
aguo876,是否876
aguo877,是否877
aguo878,是否878
aguo879,是否879
aguo880,是否880
aguo881,是否881
aguo882,是否882
aguo883,是否883
aguo884,是否884
aguo885,是否885
aguo886,是否886
aguo887,是否887
aguo888,是否888
aguo889,是否889
aguo890,是否890
aguo891,是否891
aguo892,是否892
aguo893,是否893
aguo894,是否894
aguo895,是否895
aguo896,是否896
aguo897,是否897
aguo898,是否898
aguo899,是否899
aguo900,是否900
aguo901,是否901
aguo902,是否902
aguo903,是否903
aguo904,是否904
aguo905,是否905
aguo906,是否906
aguo907,是否907
aguo908,是否908
aguo909,是否909
aguo910,是否910
aguo911,是否911
aguo912,是否912
aguo913,是否913
aguo914,是否914
aguo915,是否915
aguo916,是否916
aguo917,是否917
aguo918,是否918
aguo919,是否919
aguo920,是否920
aguo921,是否921
aguo922,是否922
aguo923,是否923
aguo924,是否924
aguo925,是否925
aguo926,是否926
aguo927,是否927
aguo928,是否928
aguo929,是否929
aguo930,是否930
aguo931,是否931
aguo932,是否932
aguo933,是否933
aguo934,是否934
aguo935,是否935
aguo936,是否936
aguo937,是否937
aguo938,是否938
aguo939,是否939
aguo940,是否940
aguo941,是否941
aguo942,是否942
aguo943,是否943
aguo944,是否944
aguo945,是否945
aguo946,是否946
aguo947,是否947
aguo948,是否948
aguo949,是否949
aguo950,是否950
aguo951,是否951
aguo952,是否952
aguo953,是否953
aguo954,是否954
aguo955,是否955
aguo956,是否956
aguo957,是否957
aguo958,是否958
aguo959,是否959
aguo960,是否960
aguo961,是否961
aguo962,是否962
aguo963,是否963
aguo964,是否964
aguo965,是否965
aguo966,是否966
aguo967,是否967
aguo968,是否968
aguo969,是否969
aguo970,是否970
aguo971,是否971
aguo972,是否972
aguo973,是否973
aguo974,是否974
aguo975,是否975
aguo976,是否976
aguo977,是否977
aguo978,是否978
aguo979,是否979
aguo980,是否980
aguo981,是否981
aguo982,是否982
aguo983,是否983
aguo984,是否984
aguo985,是否985
aguo986,是否986
aguo987,是否987
aguo988,是否988
aguo989,是否989
aguo990,是否990
aguo991,是否991
aguo992,是否992
aguo993,是否993
aguo994,是否994
aguo995,是否995
aguo996,是否996
aguo997,是否997
aguo998,是否998
aguo999,是否999
aguo1000,是否1000
